"ID","slug","tnum","have-sdat","have-sdc","have-l-thumb","have-s-thumb","extra data"
"Home_Square_4_EC01_382D","homesquare4_edit01","61","1","1","1","1","TNUM 52 â†’ 61, "
"Space_Lounge_SCEE_71C7_4EE8","lg_gzspace_eu_06","41","1","1","1","1",""
"Castle_Strakh_CFDB_36FE","hauntedcastle_public","31","1","1","1","1",""
"Greenhouse_Open_ABA2_A522","greenhouse_openhouse","33","1","1","1","1",""
"Prehistoric_Canyon_CE35_532A","dinotoo_public","31","1","1","1","1",""
"Peakvox_Ninja_4_A133_7B85","pns_lounge_eu","33","1","1","1","1",""
"Hot_Spot_Lobby_2250_B5EF","midway_hotspot","39","1","1","1","1",""
"Grand_Central_9290_4055","grand_central_9290_4055","41","1","1","1","1",""
"PackagedScenes","basic_apartment","3","0","1","0","0",""
"VeeMee_Park_58ED_D151","veemeepark_summer","66","1","1","1","1",""
"Atom_Republic_Park_5825_4469","atom_republic_park_5825_4469","38","1","1","1","1",""
"Boutique_Apt_4C31_6B57","boutique_apt_4c31_6b57","32","1","1","1","1",""
"2013_Marketplace_8480_98F0","marketplace_2_scee","31","1","1","1","1",""
"VMShoppingCentre_F1EB_5D0C","marketplace_2_extension","66","1","1","1","1",""
"Minibots_TrainingApt_E8EE_2E12","minibots_training_facility","34","1","1","1","1",""
"Budget_Hotel_Room_DA60_F703","budget_hotel_room_da60_f703","42","1","1","1","1",""
"Cliff_Top_Apt_1C7D_9444","cliff_top_apt_1c7d_9444","34","1","1","1","1",""
"Complex_Apt_F372_304E","complex_apt_f372_304e","35","1","1","1","1",""
"Audi_Sled_MP_695B_CC81","audisledapt","34","1","1","1","1",""
"SCEA_Anime_Apt_5E4B_33B2","luxuryapt_anime","37","1","1","1","1",""
"SCEE_Treehouse_Apt_DB9D_4367","tree_house","35","1","1","1","0",""
"Sodium_Main_1864_A357","sodium_one_apartment","50","1","1","1","1",""
"FortBellamyPublic_2A32_1E14","island_fort","32","1","1","1","1",""
"casino_lobby_a30e_e9d0","casino_lobby_a30e_e9d0","59","1","1","1","1",""
"Hellfire_Nebulon_ED3C_DE23","hellfire_nebulon_ed3c_de23","45","1","1","1","1",""
"MiniBot_City_E7DE_512E","minib_minibot_city","35","1","1","1","1",""
"Community_Lounge_383B_3C85","communitylounge","60","1","1","1","1",""
"Sodium2_RTM_1476_98E4","sodium2_desertracer","41","1","1","1","1",""
"2013_Cinema_193B_7E40","cinema_scee","31","1","1","1","1",""
"Aurora_Non_SCEJ_568D_1E32","aurora_non_scej_568d_1e32","59","1","1","1","1",""
"Community_Lounge_AR_826E_85F9","community_lounge_ar_826e_85f9","34","1","1","1","1",""
"Community_Lounge_DE_20DF_C695","community_lounge_de_20df_c695","34","1","1","1","1",""
"Community_Lounge_FR_395C_1950","community_lounge_fr_395c_1950","34","1","1","1","1",""
"Community_Lounge_GRE_76A2_1C4D","community_lounge_gre_76a2_1c4d","34","1","1","1","1",""
"Community_Lounge_IT_FFCD_B327","community_lounge_it_ffcd_b327","34","1","1","1","1",""
"Community_Lounge_NED_8160_8FBB","community_lounge_ned_8160_8fbb","34","1","1","1","1",""
"Community_Lounge_POL_E26E_D8C1","community_lounge_pol_e26e_d8c1","34","1","1","1","1",""
"Community_Lounge_POR_345_C47C","community_lounge_por_345_c47c","34","1","1","1","1",""
"Community_Lounge_RUS_E521_9F2C","community_lounge_rus_e521_9f2c","34","1","1","1","1",""
"Community_Lounge_SCA_A7E_BAB5","community_lounge_sca_a7e_bab5","33","1","1","1","1",""
"Community_Lounge_SP_5D44_94DA","community_lounge_sp_5d44_94da","34","1","1","1","1",""
"David_Guetta_World_208_DDDA","pacha_eventspace","34","1","1","1","1",""
"Dead_Nation_2_DD26_B0EE","dead_nation_2_dd26_b0ee","36","1","1","1","1",""
"Dust514_Warbarge_84CA_57A","war_room","39","1","1","1","1",""
"Emo_Ray_B4C9_ED5","ep_01_public_space","37","1","1","1","1",""
"Game_Space_SCEE_5ACB_5A24","game_space_scee","32","1","1","1","1",""
"HGL_Combat_Lobby_452D_9FF9","hgl_factory","37","1","1","1","1",""
"Heavy_Water_CF4D_EA19","public_space","39","1","1","1","1",""
"J_Peakvox_Labs_9_AA4E_11FE","peakvoxlounge_eu","32","1","1","1","1",""
"Killer_Plants_Space_9144_BA21","KillerPlantsFromOuterSpace","34","1","1","1","1",""
"LOOT_Public_Space_237E_1F7A","loot_space_station","47","1","1","1","1",""
"MIB_Lobby_6389_3BE0","mib_headquater","37","1","1","1","1",""
"Mercia_Hub_64E4_C8","mercia_hub_64e4_c8","40","1","1","1","1",""
"Music_Unlimied_Pub_8890_79FD","musicunlimited","35","1","1","1","1",""
"NoMansLand_Lobby_9B47_E5F2","cargonukesub","48","1","1","1","1",""
"PUB_Hollywood_Hills_2D44_46FA","pub_hollywood_hills_2d44_46fa","34","1","1","1","1",""
"Pet_Shop_Aquarium_EA2B_8ADA","aquariumpetshop","32","1","1","1","1",""
"PiratesParadise_Lake_4DB1_E98A","pirates_lake","45","1","1","1","1",""
"SCEA_Outso_Arcade_3C7E_FB2B","arcade_hub","38","1","1","1","1",""
"SCEA_Playground_CC0D_AEA4","zone_01_parkarea_exp","35","1","1","1","1",""
"SCEE_Action_Dest_D62F_81CF","scee_core_action","58","1","1","1","1",""
"SCEE_Adventure_Dest_23E1_DF4B","scee_core_adventure","43","1","1","1","1",""
"SCEE_Auditorium_1_AD5F_EBDF","Auditorium","36","1","1","1","1",""
"SCEE_Dest_Casual_C3B1_7215","casualgamespace","57","1","1","1","1",""
"SCEE_LBP_Derby_9B5A_6FE4","lbphomearabianderby","33","1","1","1","1",""
"SCEE_LBP_Hub_4C7A_664F","lbphomehub","34","1","1","1","1",""
"SCEE_PierPark_Dest_FB6D_390A","scee_core_casual","53","1","1","1","1",""
"SCEE_Sports_Dest_4B15_D157","scee_core_sports","49","1","1","1","1",""
"SCEJ_LocoRoco_Pub03_6A94_35E8","muimuishipscee","32","1","1","1","1",""
"Soldierville_142_8397","soldierville_142_8397","38","1","1","1","1",""
"Tardis_Open_House_B48D_2762","tardis_open_house_b48d_2762","32","1","1","1","1",""
"Uncharted_TheBar","unchartedbar","43","1","1","1","1",""
"WF_MainTown_2502_365F","westernfrontier_greybox","33","1","1","1","1",""
"2013Apl_base_SCEE_3A4E_22AE","Himitsukichi_eu_02","33","1","1","1","1",""
"AC2_Lab_C277_EA79","ac2_animus","38","1","1","1","1",""
"Audi_Auditorium_35B0_F3CE","audiconcerthall","35","1","1","1","1",""
"AudiHub_231D_83AC","audihub","56","1","1","1","1",""
"Audi_Sled_D1B8_AAB8","audisled","35","1","1","1","1",""
"AudiVrun_152E_D24C","audivrun","32","1","1","1","1",""
"Avalon_30A5_6B4F","avalon_faire_public_space_02","34","1","1","1","1",""
"DoubleSix_Lobby_D790_6CE","d6_test","45","1","1","1","1",""
"Edo_Lounge_EU_7026_1D","LoungeEdo_eu_26","51","1","1","1","1",""
"es_map_0001_831_29AE","emergency_state_arena","37","1","1","1","1",""
"GAME_Moonbase_244E_AA34","game_moonbase_244e_aa34","42","1","1","1","1",""
"mingol_1_e_73F5_6807","gr_mgl_e","0","1","1","1","1",""
"NSIRCHOME_Hub_2BC9_87FD","nsirchome_hub_2bc9_87fd","49","1","1","1","1",""
"RC_Racers_Sports_BD78_4E21","rc_track1","45","1","1","1","1",""
"SCEE_Gran_Lagoon_99F8_FC64","LoungeBase_eu_20","53","1","1","1","1",""
"SCEE_PS4Zone_7E9D_10B5","ps4_transition_scee","35","1","1","1","1",""
"Seaside_Lounge_EU_E6F2_3E9E","lg_seaside_eu_06","43","1","1","1","1",""
"SingStar_Main","singstar_main","49","1","1","1","1",""
"SIREN_Entrance_Space_B6A4_65E4","siren_hos_entrance_scee","34","1","1","1","1",""
"Spunland_A485_606E","spunland","63","1","1","1","1",""
"Whale_Lounge_6710_2FCB","lg_whale_jp01","33","1","1","1","1",""
"Wipeout_Space_CC7E_1A5","wipeout_homespace","36","1","1","1","1",""
"Xi2_Axiom_EBBE_26D4","xi2_axiom_ebbe_26d4","42","1","1","1","1",""
"Xi_PostHub_final","xi_posthub_final","36","1","1","1","1",""
"Abbey_Hill_Field_7D5D_6172","cottage_apartment_public","32","1","1","1","1",""
"Ajagaras_Peak_Public_211C_B987","mountain_top_public","31","1","1","1","1",""
"Broomstick_Racing_5E44_D072","broomstickracing","34","1","1","1","1",""
"Charms_Lesson_526E_E8D9","charms_lesson","36","1","1","1","1",""
"Diagon_Alley_3DCB_D186","diagonalley","45","1","1","1","1",""
"E_CAPCOM_J_RE5_6B9D_6A46","hbh5_lounge_scee","32","1","1","1","1",""
"E_CAPCOM_SF4_8C4B_C0B","sf4_e","32","1","1","1","1",""
"FarCry2ReubensRoom","farcry2_reubensroom_v03","1","1","1","1","1",""
"FarCry2TrainStation","farcry_trainstation_c15","1","1","1","1","1",""
"Gryffindor_Common_Rm_E513_CAAA","gryffindor_common_room","36","1","1","1","1",""
"Hogwarts_Express_E7F2_12DF","hogwartsexpress","43","1","1","1","1",""
"Hogwarts_Great_Hall_B6D6_836E","greathall","36","1","1","1","1",""
"Hogwarts_Library_ED32_DE53","library","34","1","1","1","1",""
"Jewel_Of_The_Skies_B0C2_AB36","palace_public","35","1","1","1","1",""
"Lockwood_Showcase_6663_C388","store_release_6","53","1","1","1","1",""
"Midway2_68D9_45B4","themidway_2","46","1","1","1","1",""
"Midway_3_C664_E87B","midway3","39","1","1","1","1",""
"Millionaires_Hub_1508_98C7","hub_1","38","1","1","1","1",""
"ModNationSpace_F46D_47C","home","49","1","1","1","1",""
"ModstageSet_Promo_FBC6_7926","modstageset_promo_fbc6_7926","35","1","1","1","1",""
"Prairie_F15F_8129","autumn_fields","34","1","1","1","1",""
"Resistance2_Lobby_77F0_7D02","r2station_ja-jp","33","1","1","1","1",""
"Resistance_3_Diner_25A3_C075","resistance_3_diner_25a3_c075","37","1","1","1","1",""
"SCEA_Elemon_Lounge_DD23_EBC","em_room","35","1","1","1","1",""
"SCEA_MMI_Midway_D11D_5547","themidway_b","57","1","1","1","1",""
"SCEE_HUDSONBomberman_24A6_49CF","bomber_dome2","33","1","1","1","1",""
"SCEE_HUDSON_Hudson_97B7_545F","hudson_gate2","35","1","1","1","1",""
"SCEE_Hudson_Theatre_37E5_CFCB","hudson_theater2","34","1","1","1","1",""
"SCEE_MS_Carrier_B6D5_23B8","scee_ms_carrier_b6d5_23b8","35","1","1","1","1",""
"SCEE_Tekken6_A74C_61E9","eu_tekken6_lounge3","32","1","1","1","1",""
"SCEJ_QGames_Exhibit_19A7_2689","pjmuseum","42","1","1","1","1",""
"SFXTTGI_SCEE_SCEAsia_A0AA_6B3D","hub_sfxt_closed","37","1","1","1","1",""
"Sodium_Demo_6C9B_2C7B","sodium","56","1","1","1","1",""
"Sodium_SodiumOne_6831_16E6","sodium_main","36","1","1","1","1",""
"Space_Apt_Promo_SCEE_5E81_2281","space_apt_promo_scee_5e81_2281","33","1","1","1","1",""
"Sunset_Lounge_EBEF_AD7C","sunset_lounge","42","1","1","1","1",""
"Tundra_Lodge_Public_1721_17D9","snowtrack","33","1","1","1","1",""
"Uncharted_3_24E4_875D","uncharted3_yemen","40","1","1","1","1",""
"Virtuos_Cantina_C7B_4487","cantinatest_v02_novip","33","1","1","1","1",""
"Wizards_Chess_CCC4_8B3C","wizard_chess","36","1","1","1","1",""
"E_CAPCOM_J_RE5_2_4AAE_52C1","hbh5_exhibition_room_lounge_scee","32","1","1","1","1",""
"Resistance3_Minigame_AAA5_719F","resistance3_minigame_aaa5_719f","44","1","1","1","1",""
"SCEJ_PJ_Mothership_E6D8_D409","shooter_spaceship","40","1","1","1","1",""
"Penguin_Gamespace_76C_2291","penguin_gamespace_76c_2291","42","1","1","1","1",""
"SCEE_Auditorium_5_5055_F6AE","Auditorium_5","36","1","1","1","1",""
"SCEE_Auditorium_6_3A92_BF0","Auditorium_6","36","1","1","1","1",""
"Emo_Ray_Game16_EC57_CE6A","ep_01_game_space","37","1","1","1","1",""
"SCEE_LBP_Creator_3ED9_1D0C","lbphomecreator","32","1","1","1","1",""
"black_jack_room_146a_50ba","black_jack_room_146a_50ba","53","1","1","1","1",""
"Casino_Bingo_Hall_3C7B_ECBD","casinobingohall","33","1","1","1","1",""
"poker_room_5eb_e601","poker_room_5eb_e601","52","1","1","1","1",""
"slots_room_bd50_7ea1","slots_room_bd50_7ea1","52","1","1","1","1",""
"Home_Square_Close_4CED_C4FA","homesquare4_edit01_closure","39","1","1","1","1",""
"Abbey_Hill_Winter_8C9E_DE4F","cottage_apartment_public","31","1","1","1","1",""
"Journey_2E32_65F3","journey_2e32_65f3","35","1","1","1","1",""
"Uncharted_SmugDen","unchartedsmugglersden","43","1","1","1","1",""
"Uncharted_TheRoomBehind","unchartedroombehind","43","1","1","1","1",""
"WF_Mining_EF40_C256","westernfrontier_riverandmine","32","1","1","1","1",""
"WF_Saloon_6C8_764E","westernfrontier_saloon","33","1","1","1","1",""
"WF_StagecoachRacing_2480_EFB0","westernfrontier_stagecoachplatform_greybox","33","1","1","1","1",""
"AudiTechDrive_Garage_7C96_4C9E","garage","36","1","1","1","1",""
"Bowling_Apt_D13A_6B8E","bowling_apartment","38","1","1","1","1",""
"Japanese_Garden_Apt_F866_3D88","japanesegarden","35","1","1","1","1",""
"SCEE_Singstar_Store_AAF4_834A","singstar_store_update","31","1","1","1","1",""
"Sci_Fi_Apt_A08E_30B2","scifi","37","1","1","1","1",""
"Siren2_E_64B_E390","siren_hos_1f_e","32","1","1","1","1",""
"2013Apl_base_SCEA_F852_6E50","Himitsukichi_us_02","39","1","1","1","1",""
"2013Apl_City1_SCEA_FF6A_46C0","Shinjyuku_01_us_01","35","1","1","1","1",""
"2013Apl_City1_SCEE_B916_3F7B","Himitsukichi_eu_02","32","1","1","1","1",""
"2013Apl_City2_SCEA_BD38_46C","Shinjyuku_02_us_01","35","1","1","1","1",""
"2013Apl_City2_SCEE_2F44_E476","Shinjyuku_02_eu_01","32","1","1","1","1",""
"2013Apl_City3_SCEA_EAE0_F63C","Shinjyuku_03_us_01","35","1","1","1","1",""
"2013Apl_City3_SCEE_8586_9627","Shinjyuku_03_eu_01","32","1","1","1","1",""
"2013Apl_Ship1_SCEA_6168_6360","Hikoubuttai_map01_us_00","35","1","1","1","1",""
"2013Apl_Ship2_SCEA_642E_A423","Hikoubuttai_map02_us_00","35","1","1","1","1",""
"2013Apl_Ship2_SCEE_705C_6914","Hikoubuttai_map02_eu_00","32","1","1","1","1",""
"50s_Diner_Apt_FED2_B1BC","fifties_diner","36","1","1","1","1",""
"921_Acacia_Drive_6B3F_16ED","nursery_apartment","32","1","1","1","1",""
"AbbeyHillCottage_Apt_A513_5000","cottage_apartment","31","1","1","1","1",""
"AbbeyHillWinter_Apt_D50D_EFE6","cottage_apartment","31","1","1","1","1",""
"AC2_Hideout_C9A1_3E42","ac2_hideout","39","1","1","1","1",""
"AC2_Venetian_Apt_3161_9FB5","ac2_apartment","41","1","1","1","1",""
"Acorn_Meadows_Winter_EC70_4DE2","veemeepark_winter","32","1","1","1","1",""
"Acorn_Park_E2AE_6FC8","veemeepark_4th_july_2014","33","1","1","1","1",""
"Aeronautilus_F37A_F04C","airship","35","1","1","1","1",""
"Ajagaras_Peak_Apt_4A94_3E08","mountain_top","31","1","1","1","1",""
"AM_Birthday_Apt_830A_D57F","acorn_meadows_apartment_birthday","33","1","1","1","1",""
"Ansadafone_Night_Apt_A474_EDB5","ansadafone_night_apt_a474_edb5","34","1","1","1","1",""
"ApartmentEvening","basic_apartment_evening","37","1","1","1","1",""
"Arabian_Castle_Apta_12FC_3AE3","1001_nights","36","1","1","1","1",""
"ArcticDreamYacht_Apt_D1C5_F674","yacht_arctic","35","1","1","1","1",""
"Atom_Park_Apt_AD76_3C79","atom_park_apt_ad76_3c79","35","1","1","1","1",""
"AudiApt_394B_F75E","audiapt","41","1","1","1","1",""
"Audi_Connect_Apt_C2D4_2F8B","audiconnect_apartment","32","1","1","1","1",""
"AudiTechDrive_Track1_C3AB_2CCC","track1_urban","34","1","1","1","1",""
"Aurora_100RewardApt_5594_97F6","aurora_100rewardapt_5594_97f6","34","1","1","1","1",""
"Aurora_Island_ACAA_2178","aurora_island_acaa_2178","40","1","1","1","1",""
"Aurora_Trophy_Apt_F843_B9D","aurora_trophy_apt_f843_b9d","32","1","1","1","1",""
"Avalon_Apt_C12_6EAC","avalon_private_space_06_test","38","1","1","1","1",""
"Batman_Outpost_Apt_F6F1_D038","batcave_apartment","35","1","1","1","1",""
"BeachMansion_CE77_91AA","beachmansion_ce77_91aa","45","1","1","1","1",""
"Beach_Mansion_Open_6CD0_52D6","beach_mansion_open_6cd0_52d6","48","1","1","1","1",""
"Blueprint_Apt_AAA9_892A","blueprint_apt_aaa9_892a","42","1","1","1","1",""
"Bramble_Nook_Apt_BB4B_1E68","farm_bramblenook","36","1","1","1","1",""
"Bunker_Clubhouse_A015_56D9","bunker_clubhouse_a015_56d9","37","1","1","1","1",""
"Casino_Hotel_Suite_5571_94D2","casino_hotel_suite_5571_94d2","38","1","1","1","1",""
"casino_penthouse_apt_b7a4_f150","casino_penthouse_apt_b7a4_f150","36","1","1","1","1",""
"Castle_DA_8953","castle","34","1","1","1","1",""
"CastleGreywoldApt_6DD6_5E12","castlegreywoldapt_6dd6_5e12","31","1","1","1","1",""
"Charcoal_Champ_E162_E0E8","charcoal_champ","37","1","1","1","1",""
"Chinatown_Apt_9202_2F5E","chinatown_apt_9202_2f5e","31","1","1","1","1",""
"Cinema","cinema_en-us","73","1","1","0","0",""
"City_Rooftop_Apt_FF2F_D44A","city_rooftop_apt_ff2f_d44a","32","1","1","1","1",""
"clearasil_hall_skate_31fc_63bb","clearasil_hall_skate_31fc_63bb","32","1","1","1","1",""
"Clearasil_Public_72AC_F815","clear_confidencecoaster","33","1","1","1","1",""
"Cliff_Top_Clubhouse_705E_BD45","cliff_top_clubhouse_705e_bd45","32","1","1","1","1",""
"Codename_DuelingGent_6D4E_B90A","codename_duelinggent_6d4e_b90a","38","1","1","1","1",""
"Cogs_Space_FBE9_3420","platforms_inthesky_withdiamonds","38","1","1","1","1",""
"CountryChicClub_CE7E_C09A","winnebago_clubhouse","34","1","1","1","1",""
"Cruise_Open_EASIA_D978_BA3E","pub_luxurycruiseship","33","1","1","1","1",""
"Cutter_Mansion_Club_6EFB_779D","cutteridge_mansion_clubhouse","33","1","1","1","1",""
"CutterridgeMansion_7C0A_CDAB","cutteridge_mansion","38","1","1","1","1",""
"David_Guetta_SCEA_FF1F_8FAE","pacha_eventspace_scea","32","1","1","1","1",""
"DemonicCutteridgeApt_1DD6_3D40","cutteridge_mansion_demonic","33","1","1","1","1",""
"Diesel_Apartment_Apt_9CE5_ACD9","dieselislandapartment","36","1","1","1","1",""
"Dinosaur_Island_Apt_9645_FBB9","dinotop","33","1","1","1","1",""
"Disco_Apartment_F7EE_FDF0","disco_apartment_f7ee_fdf0","36","1","1","1","1",""
"Disco_Clubhouse_1269_DCD2","disco_clubhouse_1269_dcd2","35","1","1","1","1",""
"Dragons_Lair_F076_5437","dlspace","32","1","1","1","1",""
"DreamAdventureApt_C0D0_CDB0","yacht_1","31","1","1","1","1",""
"Dream_Forest_Apt_82AC_F9C3","treehouse_apartment","34","1","1","1","1",""
"Dream_Forest_Club_6A43_ADD6","treehouse_clubhouse","34","1","1","1","1",""
"Dream_Hideaway_Apt_577C_70EE","jungle_apartment","39","1","1","1","1",""
"Dream_Hideaway_Club_FB13_AB2E","jungle_clubhouse","32","1","1","1","1",""
"Dream_Island_Club_E2C0_8735","millionaire_apartment_clubhouse","31","1","1","1","1",""
"Dream_Yacht_Arc_Club_9700_7EBC","yacht_arctic_clubhouse","32","1","1","1","1",""
"Dream_Yacht_Club_946D_7710","yacht_clubhouse","31","1","1","1","1",""
"Drey_VIP_Room_Female_226C_C921","drey_box_female","32","1","1","1","1",""
"Drey_VIP_Room_Male_8920_84C5","drey_box","31","1","1","1","1",""
"Edo_Lounge_02_US_E48E_2C9F","LoungeEdoSub01_us_00","32","1","1","1","1",""
"Edo_Lounge_04_EU_261F_8A67","LoungeEdo_Single_eu_06","32","1","1","1","1",""
"Edo_Lounge_04_US_D737_651D","LoungeEdo_Single_us_06","32","1","1","1","1",""
"Edo_Lounge_05_US_6B2E_B20D","LoungeEdo_Multi_us_09","33","1","1","1","1",""
"Edo_Lounge_Asia_928D_693D","LoungeEdo_asia_asia_last_event","53","1","1","1","1",""
"Edo_Lounge_PS_EU_9E4F_4F5","LoungeEdo_PS01_eu_09","35","1","1","1","1",""
"Edo_Lounge_US_7169_6A1C","LoungeEdo_us_27","64","1","1","1","1",""
"Fallingwater_Apt_D5FD_A677","per_fallingwater","36","1","1","1","1",""
"Female_Mech_Vault_2157_4A0B","mechjet_pod_female","34","1","1","1","1",""
"Florida_Apt_153F_6854","per_mediterranean_house","34","1","1","1","1",""
"French_Chateau_Apt_C7BB_B11B","per_frenchchateau","35","1","1","1","1",""
"Frozen_Peak_Palace_ADA7_634D","pub_icepalace","36","1","1","1","1",""
"FUBAR_Apartment_3332_305E","fubar_apartment_3332_305e","39","1","1","1","1",""
"Funky_Bar_Apt_1_E5DA_9863","lounge_1","31","1","1","1","1",""
"Funky_Bar_Apt_2_B326_4896","lounge_dancefloor","31","1","1","1","1",""
"Gamescom_2013_ED_FEA9","gamescom2014","44","1","1","1","1",""
"Gamescom_US_D375_2D53","gamescom2014_scea","33","1","1","1","1",""
"Game_Space","game_space_en-us","60","1","1","0","0",""
"Glass_House_Space_8A6F_BE48","luxuryglasshouse","36","1","1","1","1",""
"Gnome_Curling_Apt_E9C0_639F","gnome_gardenapt","33","1","1","1","1",""
"Godfather_2_Casino_25F0_D814","godfather_2b","34","1","1","1","1",""
"Go_Fish_Apt_C299_3B69","gofish_beachapt","34","1","1","1","1",""
"GoldTeaLoungeApt_J_CDF7_E697","lg_tea_room_gold_jp01","33","1","1","1","1",""
"Gothic_Cathedral_Apt_9221_E8B5","gothic_cathedral_apt_9221_e8b5","32","1","1","1","1",""
"Gothic_Masq_Ball_Apt_D0E9_27F7","gothic_masq_ball_apt_d0e9_27f7","32","1","1","1","1",""
"Gothic_Stately_Apt_30F7_8746","gothic_stately_apt_30f7_8746","33","1","1","1","1",""
"Gothic_Stately_Club_8E95_FF72","gothic_stately_club_8e95_ff72","32","1","1","1","1",""
"Greek_Temple_Apt_F19_690B","greek_temple","34","1","1","1","1",""
"GuitarHero_Lobby_E6FB_690B","gh_backstage","34","1","1","1","1",""
"GzSchl_Lounge_PS_US_7422_6A9","lg_gzschool_us01","33","1","1","1","1",""
"Gzsdn_Lounge_PS_US_22B8_C706","lg_sentai_us_01","33","1","1","1","1",""
"GzSFO_Lounge_PS_EU_23A4_E95A","lg_world_sanfrancisco_eu01","31","1","1","1","1",""
"GzSFO_Lounge_PS_US_2F5F_65CE","lg_world_sanfrancisco_us01","32","1","1","1","1",""
"GzTeaRoom_Silver_PS_532F_841C","lg_tea_room_silver_jp01","32","1","1","1","1",""
"GzTeaRoom_Water_PS_146B_DEF7","lg_tea_room_crystal_jp01","32","1","1","1","1",""
"Haunted_Castle_E770_BD3B","hauntedcastle","31","1","1","1","1",""
"Health_Club_Apt_240D_53CD","health_club_apt_240d_53cd","34","1","1","1","1",""
"Health_Club_Club_CDE1_1D7E","health_club_club_cde1_1d7e","32","1","1","1","1",""
"Hell_Fire_Apt_DF67_E496","hell_fire_apt_df67_e496","32","1","1","1","1",""
"High_Roller_Club_6453_97BA","high_roller_club_6453_97ba","37","1","1","1","1",""
"Hillside_House_Club_A66C_74F3","club_hillsidehouse","32","1","1","1","1",""
"Hllywd_Night_Apt_11B4_F050","home_theater_pad_nighttime","35","1","1","1","1",""
"Hllywd_Night_Club_3A08_2ED1","hllywd_night_club_3a08_2ed1","34","1","1","1","1",""
"HollyridgeEstate_Apt_3A82_A762","hollyridge_estate","32","1","1","1","1",""
"HollyridgeEstateClub_BF15_DE95","hollyridge_estate_clubhouse","32","1","1","1","1",""
"Hollywood_Hills_Club_C8A5_505B","hollywood_hills_club_c8a5_505b","34","1","1","1","1",""
"Home_Halloween_2014_A5A3_D283","homesquare4_edit01_halloween","35","1","1","1","1",""
"Home_Square_A091_EC0","home_square_apt","36","1","1","1","1",""
"Home_Town_9DE9_6A5B","home_town_9de9_6a5b","40","1","1","1","1",""
"Ice_Maze_8A9E_8C0D","heart_maze","34","1","1","1","1",""
"Ice_Palace_apartment_7E8D_90C8","per_icepalace","34","1","1","1","1",""
"IndiePark_US_6610_CC18","casualgamespace_scea","35","1","1","1","1",""
"Irish_Pub_93E4_6D1D","irishpubapt","33","1","1","1","1",""
"Island_Bungalow_Apt_FFDF_6F3","per_islandbungalow","34","1","1","1","1",""
"Island_Bungalow_Club_5D86_85C7","club_islandbungalow","34","1","1","1","1",""
"Jam_Jar_Apartment_D9F9_5ED1","jam_shop","36","1","1","1","1",""
"Jam_Jar_Clubhouse_350F_9E36","jam_shop","36","1","1","1","1",""
"Jane_Large_Apt_5B4F_2B41","jane_large_apt_5b4f_2b41","34","1","1","1","1",""
"Jane_Small_Apt_FF0B_D966","jane_small_apt_ff0b_d966","32","1","1","1","1",""
"Jewel_Skies_Club_D3B4_2C60","palace_clubhouse","37","1","1","1","1",""
"J_Peakvox_Labs_7_EECC_66B8","peakvoxlounge_us","33","1","1","1","1",""
"Konami_Space_1A13_E5ED","konami_space","41","1","1","1","1",""
"Lagoon_Kaseki_PS_EU_6863_B9A6","loungebase_ps_kaseki_eu_04","31","1","1","1","1",""
"Lagoon_Kaseki_PS_US_36B2_68E6","loungebase_ps_kaseki_us_04","32","1","1","1","1",""
"Lagoon_Lounge_PS_US_A894_C4AC","LoungeBase_PS01_us_11","38","1","1","1","1",""
"Las_Vegas_Apt_3138_A19F","per_lounge","36","1","1","1","1",""
"Las_Vegas_Clubhouse_F47B_23F0","club_lounge","37","1","1","1","1",""
"LasVegasSuite_E8EB_2C40","lasvegas_suite_private","37","1","1","1","1",""
"LeChuck_Pirate_Ship_D398_F2A","ghost_ship","37","1","1","1","1",""
"Lighthouse_Apt_8437_B01D","lighthouse_apt_8437_b01d","31","1","1","1","1",""
"LIVING_Home_Apt_C16A_C182","living_house","31","1","1","1","1",""
"LKWD_Life_Lake_Oasis_DA4D_1213","pool_party_apartment","31","1","1","1","1",""
"Lobster_Mania_Apt_3E58_5697","olm_beachapt","31","1","1","1","1",""
"Lockadoodle_Apt_964_82DB","studio","32","1","1","1","1",""
"Lockadoodle_Club_BC4_4954","studio_clubhouse","33","1","1","1","1",""
"Lockwood_Catwalk_Apt_B5FF_1F24","lockwood_catwalk_apartment","36","1","1","1","1",""
"Lockwood_Gift_Shop_6D1C_FAE4","store_shop","35","1","1","1","1",""
"LOOT_Drivable_Yacht_D624_D64C","island_boat","44","1","1","1","1",""
"Loot_ModularStageSet_6890_BE1B","soundstage_three","38","1","1","1","1",""
"Luxury_Cruise_Apt_34BE_547A","per_luxurycruiseship","35","1","1","1","1",""
"Luxury_Cruise_Club_305C_8518","club_luxurycruiseship","35","1","1","1","1",""
"Luxury_Cruise_Lobby_6087_EA2E","pub_luxurycruiseship","32","1","1","1","1",""
"LuxuryRainforest_Apt_E338_49A1","luxury_rainforest_apartment","35","1","1","1","1",""
"Luxury_Submarine_Apt_CAA2_A236","per_luxury_submarine","36","1","1","1","1",""
"Luxury_SubmarineClub_AE4F_1E23","club_luxury_submarine","36","1","1","1","1",""
"LuxurySubmarineLobby_7354_DA4A","pub_luxury_submarine","33","1","1","1","1",""
"Luxury_Tent_Apt_B2A_7F9A","per_luxurytent","33","1","1","1","1",""
"Luxury_Tent_Club_E4B9_3809","club_luxurytent","34","1","1","1","1",""
"MagicGallery_A676_AB8E","gallery","35","1","1","1","1",""
"MagicMainHall_65CF_845C","ravnicafinal","35","1","1","1","1",""
"Mahjong_Local_6C03_8C6F","mahjong_space","36","1","1","1","1",""
"Male_Mech_Vault_445F_BCA5","mechjet_pod","32","1","1","1","1",""
"Manhattan_Apartment_838D_8778","manhattan_apartment","36","1","1","1","1",""
"Mansion_13_55D3_AD90","mansion_13_55d3_ad90","34","1","1","1","1",""
"MansionBackyard_603E_C20A","luxapt_mansion_backyard","42","1","1","1","1",""
"MansionFirstFloor_FAC3_2B8F","luxapt_mansion_1f","43","1","1","1","1",""
"MansionGarage_60C_A5D4","luxapt_mansion_garage","39","1","1","1","1",""
"MansionSecondFloor_9F58_D1DE","luxapt_mansion_2f","40","1","1","1","1",""
"Marina_Apartment_8D59_7290","marina","31","1","1","1","1",""
"Marketplace2_Asia_A6A8_27B5","asia_mall_2","37","1","1","1","1",""
"Masq_Ball_Clubhouse_33A8_FDD2","masq_ball_clubhouse_33a8_fdd2","31","1","1","1","1",""
"Masquerade_Ball_Club_EE2F_5078","masquerade_ball_club_ee2f_5078","32","1","1","1","1",""
"Mercia_Old_Temple_E879_DCB2","fp_d1_oldtemple","40","1","1","1","1",""
"MIB_Headquarter_Apt_4280_6EBB","mib_private_headquater","33","1","1","1","1",""
"MIB_Headquarter_Club_FBBB_9159","mib_club_headquater","33","1","1","1","1",""
"Midnight_Glade_Apt_9F6D_4BDF","fire_on_a_hill","35","1","1","1","1",""
"Midnight_Glade_E5E9_7799","fire_on_a_hill_public","35","1","1","1","1",""
"Midway_Apartment_4D5E_F216","themidway_p_13","53","1","1","1","1",""
"Millionaires_Beach_BC6F_6E33","millionaire_apartment","38","1","1","1","1",""
"Millionaires_Yacht_CC55_902E","yacht","36","1","1","1","1",""
"MM_ToyStory3Personal_B86B_DF47","andys_room","34","1","1","1","1",""
"Modern_Asian_Apt_4EFF_6E2D","per_modasian","35","1","1","1","1",""
"Modern_Ranch_Apt_F07A_2FC3","per_modernranch","35","1","1","1","1",""
"Modern_Ranch_Club_19EE_C1B2","club_modernranch","35","1","1","1","1",""
"ModN_Event_Backstage_2EE9_AFB3","modn_event_backstage_2ee9_afb3","33","1","1","1","1",""
"MotorstormApartment_B65F_8CB","motorstormapartment_b65f_8cb","42","1","1","1","1",""
"Mountain_GetawayClub_9542_BD16","club_mtgetaway","37","1","1","1","1",""
"Mount_Olympus_Apt_1D87_7D4D","per_mtolympus","36","1","1","1","1",""
"MyGym_Apt_8870_5038","mygymapt","36","1","1","1","1",""
"Mystic_Arcade_849C_6413","arcaderoom","32","1","1","1","1",""
"nDreams_Ballroom_Apt_34C2_B593","ndreams_ballroom_apt_34c2_b593","31","1","1","1","1",""
"NeptuneSuite2_E71D_F6CC","neptune_d_148","38","1","1","1","1",""
"New_Home_Square_3_5305_3636","homesquare3_scee","31","1","1","0","0",""
"Nightclub_Apt_5FB7_554D","nightclub_apt_5fb7_554d","32","1","1","1","1",""
"Nightclub_Clubhouse_CC06_8EE2","nightclub_clubhouse_cc06_8ee2","34","1","1","1","1",""
"Nightlife_Open_EASIA_B482_C3C4","pub_lounge","36","1","1","1","1",""
"Nightmare_Yacht_Apt_F6E5_C85E","yacht","34","1","1","1","1",""
"NoMansLand_Level1_7DE4_10B2","level1","44","1","1","1","1",""
"NoMansLand_TRLobby_9382_FE1A","tr_drydock","36","1","1","1","1",""
"NoMansLand_Tutorial_2C00_F59E","sptlevel","43","1","1","1","1",""
"Novus_Prime_Apt_8645_E53C","novus_prime_apt_8645_e53c","42","1","1","1","1",""
"nRage_4A_6A5C","nrage_4a_6a5c","38","1","1","1","1",""
"NSIRCHOME_Apartment_20BA_60F2","nsirchome_apartment_20ba_60f2","52","1","1","1","1",""
"NSIRCHOME_Skunkworks_143C_BAEF","nsirchome_skunkworks_143c_baef","61","1","1","1","1",""
"Obsidian_Officer_Apt_B69F_9B19","obsidian_officer_apt_b69f_9b19","32","1","1","1","1",""
"Old_West_Saloon_Apt_DDC7_E926","old_west_saloon_apt_ddc7_e926","38","1","1","1","1",""
"Old_WestSaloon_Club_B296_EE85","old_westsaloon_club_b296_ee85","32","1","1","1","1",""
"Olympic_Throwing_C22_6C19","olympic_throwing","34","1","1","1","1",""
"Olympic_Track_100m_7304_EED7","olympictrack_100metres","40","1","1","1","1",""
"OTwo_peakvox_labs_4_F66E_C44C","pns_personal02","32","1","1","1","1",""
"Outso_Sodium_Trainin_73D8_E659","sodium_trainer","42","1","1","1","1",""
"Painted_Bare_Apt_87E_7A33","the_painted_bare_studio","32","1","1","1","1",""
"Palace_7_Winds_Apt_289_263E","seven_winds","33","1","1","1","1",""
"PalmResort_Clubhouse_127_5237","club_palmresort","37","1","1","1","1",""
"Paris_Lounge_PS_EU_E03A_C580","lg_world_paris_map_eu_01","33","1","1","1","1",""
"Paris_Lounge_PS_US_19AA_F560","lg_world_paris_map_us_01","34","1","1","1","1",""
"Peakvox_Apt_2_593D_AF74","summerhouse","32","1","1","1","1",""
"Peakvox_Ninja_3_5BBD_9BBA","pns_lounge_us","34","1","1","1","1",""
"Peakvox_Ninja_Apt_3D2C_105B","pns_personal01","36","1","1","1","1",""
"Personal_Casino_Apt_96F9_5BE7","casino_personalgameroom","32","1","1","1","1",""
"PetrolHead_Apartment_ADA_7679","petrolhead_garage","34","1","1","1","1",""
"PinkParadiceApt_C471_1480","pink_winnebago","34","1","1","1","1",""
"PirateApartment2_99C2_C70B","pirateapartment2_99c2_c70b","48","1","1","1","1",""
"PiratesParadise_Dock_92E5_9B00","pirates_docks","33","1","1","1","1",""
"Poker_Qualifying_F19D_7358","poker_qualifying_f19d_7358","36","1","1","1","1",""
"Prairie_Ranch_Apt_2BF1_6204","ranch_apartment","35","1","1","1","1",""
"Prairie_Saloon_Club_3754_A7A3","ranch_clubhouse","34","1","1","1","1",""
"Prius_Space_5089_9387","gamespace","34","1","1","1","1",""
"PR_VIP_Area_B44D_E597","low_tide_lounge","35","1","1","1","1",""
"PS_Vita_Lobby_445B_2185","ps_vita_lobby_445b_2185","39","1","1","1","1",""
"RaceOnGarage_43E0_DCA2","race_on_garage","35","1","1","1","1",""
"RaptureMetroApt_5A27_B379","bioshock_apartment","31","1","1","1","1",""
"Raver_Apartment_8463_B9DA","raver_apartment_8463_b9da","32","1","1","1","1",""
"Raver_Clubhouse_F5AA_5479","raver_clubhouse_f5aa_5479","33","1","1","1","1",""
"Raver_Open_House_B6E9_6549","raver_open_house_b6e9_6549","33","1","1","1","1",""
"Red_Bull_Apartment_780E_57F8","redbull_skatepark","33","1","1","1","1",""
"RockReveller_186A_F201","red_winnebago","32","1","1","1","1",""
"SCEA_Action_District_B0D_FF0B","scea_core_action","51","1","1","1","1",""
"SCEA_Advent_District_8BDB_69FE","scea_core_adventure","37","1","1","1","1",""
"SCEA_Bootleggers_8D03_9B2D","scea_bootleggers_8d03_9b2d","51","1","1","1","1",""
"SCEA_Casual_District_7831_9753","scea_core_casual","59","1","1","1","1",""
"SCEA_Central_Plaza_C9D2_1E85","homesquare_en-us","32","1","1","1","0",""
"scea_def_jam_apt_b83e_18e4","scea_def_jam_apt_b83e_18e4","34","1","1","1","1",""
"SCEA_DoubleSix_Lobby_9E4C_323","d6_test","33","1","1","1","1",""
"SCEA_Evil_Academy_4A56_16C0","nis_hells_prison_us","35","1","1","1","1",""
"SCEA_Fiji_Island_Apt_97B8_806E","luxuryapt_island","32","1","1","1","1",""
"SCEA_Game_Space_D9CA_5D52","game_space_en-us","31","1","1","1","1",""
"SCEA_Gran_Lagoon_1E70_EAEC","LoungeBase_us_20","62","1","1","1","1",""
"SCEA_GuitarHeroVIP_67E9_50C1","guitar_hero_vip","36","1","1","1","1",""
"SCEA_Holdem_BC2A_C751","scea_holdem_bc2a_c751","46","1","1","1","1",""
"SCEA_Hollywood_Hills_3AFC_6A61","home_theater_pad","56","1","1","1","1",""
"SCEA_HUDSONBomberman_29CB_B88D","bomber_dome2","34","1","1","1","1",""
"SCEA_Hudson_Bonkroom_6D7F_6B7D","bonk_house2","31","1","1","1","1",""
"SCEA_HUDSON_Dolphy_E5D9_800","dolphy_room2","35","1","1","1","1",""
"SCEA_HUDSON_Hudson_8980_F24F","hudson_gate2","34","1","1","1","1",""
"SCEA_Hudson_Theatre_BBF_7960","hudson_theater2","34","1","1","1","1",""
"SCEA_Lakehouse_Apt_237D_83E6","luxapt_lakehouse","36","1","1","1","1",""
"SCEA_MAG_Raven_Apt_136F_AB80","mag_ravenapt","33","1","1","1","1",""
"SCEA_MAG_SVER_Apt_C625_B4C3","mag_sverapt","36","1","1","1","1",""
"SCEA_MAG_Valor_Apt_1421_97D0","mag_valorapt","32","1","1","1","1",""
"SCEA_Maos_Lab_25C1_8D4","nis_overlord_castle_a","32","1","1","1","1",""
"SCEA_MarketPlace3_F18D_3380","scea_core_marketplace2","53","1","1","1","1",""
"SCEA_Music_Unlimited_F23A_FBF3","musicunlimited_scea","31","1","1","1","1",""
"SCEA_Paris_Apt_D13_FDED","luxuryapt_clocktower","40","1","1","1","1",""
"SCEA_Pharoahs_Apt_2138_40E7","luxuryapt_pharoah","36","1","1","1","1",""
"SCEA_Planet_Apt_394E_F095","luxuryapt_planetland","31","1","1","1","1",""
"SCEA_PS4_ActionV2_6CF8_F8C3","scea_ps4_action_action","43","1","1","1","1",""
"SCEA_PS4_Museum_3795_814","scea_ps4_action_lobby","42","1","1","1","1",""
"SCEA_PS4Zone_BB33_6147","ps4_transition","56","1","1","1","1",""
"SCEA_Santorini_Apt_306B_AF8F","luxuryapt_greece","32","1","1","1","1",""
"SCEAsia_Auditorium_1_ED96_22C3","Auditorium_sceasia","37","1","1","1","1",""
"SCEAsia_Auditorium_4_86C3_942B","Auditorium_4_sceasia","37","1","1","1","1",""
"SCEAsia_Auditorium_5_9D9C_209D","Auditorium_5_sceasia","38","1","1","1","1",""
"SCEAsia_Auditorium_6_4124_38B7","Auditorium_6_sceasia","37","1","1","1","1",""
"SCEAsia_Gran_Lagoon_A6D1_4CA1","LoungeBase_asia_asia_last_event","50","1","1","1","1",""
"SCEAsia_PSN_TOP_HK_61F2_823C","hoh_top_floor_hk","32","1","1","1","1",""
"SCEA_Sports_District_77D3_A934","scea_core_sports","55","1","1","1","1",""
"SCEA_Theater_Aud1_CCC9_EF75","auditorium","37","1","1","1","1",""
"SCEA_Theater_Aud2_C34B_D383","auditorium_2","35","1","1","1","1",""
"SCEA_Theater_Aud4_74D0_618","auditorium_4","35","1","1","1","1",""
"SCEA_Theater_Aud5_F6B6_65EA","auditorium_5","35","1","1","1","1",""
"SCEA_Theater_Aud6_EBB2_2FCF","auditorium_6","36","1","1","1","1",""
"SCEA_Uncharted2Apt_B22D_53F2","uncharted_apartment","36","1","1","1","1",""
"SCEA_Waterfall_Space_E4DE_470","treeterrace","35","1","1","1","1",""
"SCEA_Wizard_Lair_8C50_259A","wz_lair","37","1","1","1","1",""
"SCEA_Zombie_Apt_992C_2A3A","zombie_zombieapt","35","1","1","1","1",""
"SCEE_Auditorium7_4DED_1238","cinema_auditorium_7","41","1","1","1","1",""
"SCEE_HOH_minis_top_8AA7_DD62","scee_hoh_minis_top_8aa7_dd62","36","1","1","1","1",""
"SCEE_HUDSON_Dolphy_6D59_6A9F","dolphy_room2","37","1","1","1","1",""
"SCEE_Japanese_Apt_5562_FB9A","japanesehouse","32","1","1","1","1",""
"SCEE_LBP_Apt_A3B6_544E","lbphomeappartment","32","1","1","1","1",""
"SCEE_MSPR_Apt_38C2_90B5","scee_mspr_apt_38c2_90b5","33","1","1","1","1",""
"SCEE_Musicality_Apt_46B4_8AAE","scee_musicality_apt_46b4_8aae","42","1","1","1","1",""
"SCEE_PSMove_Backstag_2CDD_304D","scee_psmove_backstag_2cdd_304d","36","1","1","1","1",""
"SCEE_Pub_Apartment_7433_C6E6","pubapt","45","1","1","1","1",""
"SCEJ_Eden_VIPBox_1_FC8A_EC98","home_eden","39","1","1","1","1",""
"SCEJ_LocoRoco_Apt02_EE8E_C812","locohouseus","36","1","1","1","1",""
"SCEJ_LocoRoco_Apt03_6529_7DEC","locohouseeu","36","1","1","1","1",""
"SCEJ_LocoRoco_Pub02_A4CF_8E3F","muimuishipscea","32","1","1","1","1",""
"SCEJ_Pachipara_E34D_28F9","irema8","49","1","1","1","1",""
"SeaClyffNightApt_2C51_E51E","racing_apt_night","31","1","1","1","1",""
"SeaClyff_Retreat_Apt_6D1_880D","racing_apt","33","1","1","1","1",""
"SeaClyff_RetreatClub_D05E_C49B","racing_club","33","1","1","1","1",""
"Seaside_Apt_EU_D5F8_AA43","lg_seaside_PS_eu07","36","1","1","1","1",""
"Seaside_Apt_US_1F4A_6C4A","lg_seaside_PS_us07","38","1","1","1","1",""
"Seaside_Lounge_Asia_C7AE_EC4C","lg_seaside_asia_asia_last_event","37","1","1","1","1",""
"Seaside_Lounge_US_1BFD_B74B","lg_seaside_us_10","44","1","1","1","1",""
"SecretPartyGardenApt_3E9B_C404","secretpartygardenapt_3e9b_c404","31","1","1","1","1",""
"Serenity_Lake_Apt_826C_837E","solitude_apartment","31","1","1","1","1",""
"Serenity_Plaza_Hol_4EA0_E6F0","minib_minibot_city","33","1","1","1","1",""
"SevenWinds_Clubhouse_1220_AEDB","seven_winds_clubhouse","34","1","1","1","1",""
"SilentHill_Diner_Apt_74B4_93D4","silenthill_diner_apt_74b4_93d4","33","1","1","1","1",""
"Skatepark_Apt_1240_81D2","skateparkapt","34","1","1","1","1",""
"Ski_Chalet_24E_F3D4","luxapt_skichalet","34","1","1","1","1",""
"SkunkWorks_Future_B206_3EBE","skunkworks_future_b206_3ebe","60","1","1","1","1",""
"SkyscraperLoungeApt_8E16_114F","skyscraperloungeapt_8e16_114f","32","1","1","1","1",""
"Slim_Jim_SpiceRescue_321E_5899","slim_jim_spicerescue_321e_5899","33","1","1","1","1",""
"Snow_Globe_Apt_CDBA_517A","snow_globe","31","1","1","1","1",""
"Snow_Globe_Club_637C_77C0","snow_globe","31","1","1","1","1",""
"Sodium_Apartment_C7E3_6BE4","sodium_apartment","40","1","1","1","1",""
"SodiumBlastersBayApt_B991_7F76","sodium_apartment_giftable","31","1","1","1","1",""
"Sodium_Blimp_Apt_337_8BF5","sodium_blimp","34","1","1","1","1",""
"Sodium_Neon_Apt_296_66CE","sodium_neon_apartment","37","1","1","1","1",""
"Space_Apt_AB15_897A","loot_space_apartment","40","1","1","1","1",""
"Space_Apt_SCEE_D1F6_CD3F","space_apt_scee_d1f6_cd3f","32","1","1","1","1",""
"Space_Lounge_SCEA_9B06_F1C9","lg_gzspace_us_06","43","1","1","1","1",""
"Space_Lounge_SCEAsia_22E6_3A5A","lg_gzspace_asia_asia_last_event","35","1","1","1","1",""
"Space_Promo_8F39_7D3D","space_promo_8f39_7d3d","32","1","1","1","1",""
"SpaceStationApt_63AA_7159","spacestationapt_63aa_7159","33","1","1","1","1",""
"Space_Station_Club_902C_609A","space_station_clubhouse","32","1","1","1","1",""
"Sports_Poker_SCEE_A777_4467","scea_holdem_uk","34","1","1","1","1",""
"Spunland_Playroom_C028_895A","spunlandapartment","38","1","1","1","1",""
"Stackmania_Blue_112B_BDC8","stackmania_blue_112b_bdc8","32","1","1","1","1",""
"Stackmania_Green_4C1_54E5","stackmania_green_4c1_54e5","32","1","1","1","1",""
"Stackmania_Red_DFD8_D758","stackmania_red_dfd8_d758","33","1","1","1","1",""
"StageSet_Apartment_BE67_8709","soundstage2","32","1","1","1","1",""
"StageSet_Ghostbuster_5792_A6E3","ghostbusters_apartment","35","1","1","1","1",""
"Star_Trek_Bridge_B42D_CCE5","bridge","33","1","1","1","1",""
"Stately_Home_Apt_22E_5A69","stately_home_apt_22e_5a69","32","1","1","1","1",""
"Stately_Home_Club_A11A_16B0","stately_home_club_a11a_16b0","32","1","1","1","1",""
"Subway_Apt_2A86_AD95","subway_apartment","33","1","1","1","1",""
"SummerHouse","summerhouse","42","1","1","1","1",""
"Sunlit_Meadow_Apt_351E_F0B6","mushroom_glade","33","1","1","1","1",""
"Superstar_PrivateJet_FC9B_E3F1","private_plane_qujiaju","36","1","1","1","1",""
"Tardis_Apt_3C3B_4847","doctorwho_tardis","36","1","1","1","1",""
"Tardis_Clubhouse_5336_1C3B","tardis_clubhouse_5336_1c3b","36","1","1","1","1",""
"Tea_Lounge_Apt_SCEE_8D42_E7EF","lg_tea_room_G01_eu_04","37","1","1","1","1",""
"Tea_Lounge_Apt_US_C17_C85F","lg_tea_room_G01_us_04","36","1","1","1","1",""
"the_dressing_room_EU","the_dressing_room","33","1","1","1","1",""
"Train_Apt_17ED_B69A","train_apt_17ed_b69a","31","1","1","1","1",""
"Tron_Apartment_C390_9B8C","tron_apartment","32","1","1","1","1",""
"Tundra_Lodge_Apt_DCB8_6832","snowtrack_apartment","31","1","1","1","1",""
"Twingate_Castle_Apt_C93E_C173","castle","31","1","1","1","1",""
"Tycoon_Penthouse_956_C698","tycoonpenthouse","33","1","1","1","1",""
"UFC_Apartment_A376_DDFF","ufc_personal","36","1","1","1","1",""
"Uncharted3_SCEA_E385_808","uncharted3_yemen_scea","32","1","1","1","1",""
"UnderSpunHeights_DEB9_5AB7","underspunheights","33","1","1","1","1",""
"UnderwaterApt_237_E5BF","underwater_apartment","34","1","1","1","1",""
"Ura_Edo_Lounge_2_EU_C730_909D","LoungeEdo_Single_eu_08","38","1","1","1","1",""
"Ura_Edo_Lounge_2_US_9B72_BF7E","LoungeEdo_Single_us_10","41","1","1","1","1",""
"Ura_Edo_Lounge_EU_E8ED_3C41","LoungeEdo_Multi_eu_08","38","1","1","1","1",""
"Ura_Edo_Lounge_US_B2DB_CCE3","LoungeEdo_Multi_us_10","40","1","1","1","1",""
"VeeMee_Park_Apt_1_FCA3_8C5","acorn_meadows_apartment","34","1","1","1","1",""
"VeeMee_Park_Apt_2_B99B_B204","acorn_meadows_apartment_night","36","1","1","1","1",""
"VeeMee_Park_Apt_4_B520_B828","acorn_meadows_apartment_autumn","33","1","1","1","1",""
"VeeMee_Park_Apt_5_E97A_1C29","acorn_meadows_apartment_rain","34","1","1","1","1",""
"VeeMee_Park_Apt_6_1842_586F","acorn_meadows_apartment_dusk","34","1","1","1","1",""
"VEEMEE_SFRGTTI_F04B_9423","beachapt","35","1","1","1","1",""
"VEEMEE_SportsPub_Apt_207E_18D8","sportsbarapt","35","1","1","1","1",""
"Villains_Lair_6070_E6AE","villainslair_cave","34","1","1","1","1",""
"vip_balcony_52c_13a9","vip_balcony_52c_13a9","59","1","1","1","1",""
"VipClub_12D9_DBD8","club","42","1","1","1","1",""
"VIP_Lobby_2305_A445","vip_entrance","37","1","1","1","1",""
"Virtua_Tennis_4_Apt_9D88_A2D0","virtuatennisapt","32","1","1","1","1",""
"Warhawk_Apartment_373A_59D","warhawk_apartment","33","1","1","1","1",""
"Western_Campsite_Apt_6993_B219","westernfrontier_campsite","33","1","1","1","1",""
"Western_Ranch_Apt_B0C3_BD7","westernfrontier_ranchhouse","32","1","1","1","1",""
"Whale_Personal_Space_6F44_74EC","lg_whale_PS_jp01","32","1","1","1","1",""
"Whimsy_Hollow_Apt_FF9C_F90B","hobbit_house","32","1","1","1","1",""
"Windmill_Apartment_5E5_E0FA","windmill_apartment_5e5_e0fa","31","1","1","1","1",""
"Xi2_Axiom_Apt_8638_8203","xi2_axiom_apt_8638_8203","41","1","1","1","1",""
"Xi_AlphaZone3_final","xi_alphazone3_final","33","1","1","1","1",""
"Xi_AlphaZone3_Maze2_final","xi_alphazone3_maze2_final","33","1","1","1","1",""
"Xi_AlphaZone3_Maze4_final","xi_alphazone3_maze4_final","33","1","1","1","1",""
"Xi_Apartment_final","xi_apartment_final","35","1","1","1","1",""
"Xi_PostAlphaZone1_28DD_C644","xi_postalphazone1_28dd_c644","33","1","1","1","1",""
"Xi_PostAlphaZone1_Te_6637_2511","xi_postalphazone1_te_6637_2511","33","1","1","1","1",""
"Xi_Vertigo_Apt_SCEJ_FE98_8900","xi_vertigo_apt_scej_fe98_8900","34","1","1","1","1",""
"Xmas_Home_Square_14_FFA7_18E9","homesquare4_edit01_christmas","40","1","1","1","1",""
"Yacht_Apartment_DA7F_25A6","mbm_yacht_openhouse","36","1","1","1","1",""
"Yacht_Apt_A926_CC0B","mbm_yacht","36","1","1","1","1",""
"YachtClub_B82A_8DC2","public_beach","44","1","1","1","1",""
"Yeti_Vs_Hunters_2_7F78_3368","homesquare_en-us","35","1","1","1","1",""
"Avalon_Clubhouse_8828_5731","","32","0","0","1","0",""
"CountryChicApt_65C0_4174","","31","0","0","1","0",""
"Edo_Lounge_PS_US_2413_5BDC","","35","0","0","1","0",""
"Greenhouse_6B81_B38","","32","0","0","1","0",""
"GzBurger_Apt_SCEA_5EE0_B287","","34","0","0","1","0",""
"HalloweenTourbusClub_C2DD_6CE","","31","0","0","1","0",""
"KZ2_ThroneRoom_55A7_DE1C","","40","0","0","1","0",""
"LagoonKaseki_PS_Asia_6863_B9A6","","32","0","0","1","0",""
"LasVegasSuite_PUB_665B_1606","","36","0","0","1","0",""
"LKWD_Runway_Apt_SCEJ_A5F4_1304","","34","0","0","1","0",""
"Modern_Asian_Club_121D_912B","","35","0","0","1","0",""
"MoonlightRoom_8516_1D6F","","33","0","0","1","0",""
"OTwo_peakvox_labs_2_1E20_407A","","33","0","0","1","0",""
"Paris_Lounge_PS_Asia_6178_7ECB","","33","0","0","1","0",""
"SCEAsia_Auditorium_2_A245_DACF","","37","0","0","1","0",""
"SCEAsia_PSN_TOP_SG_9A97_D57A","","34","0","0","1","0",""
"SCEE_French_Apt_71E8_4AD5","","31","0","0","1","0",""
"SeaClyffNightClub_85C6_5043","","31","0","0","1","0",""
"Seaside_Apt_Asia_77E4_E0FB","","32","0","0","1","0",""
"SFRGBT_Apt_SCEAsia_1F84_747","","33","0","0","1","0",""
"Shouei_Kingdom_5_453C_77E4","","31","0","0","1","0",""
"Skyscraper_Clubhouse_6F8B_D720","","32","0","0","1","0",""
"Stackmania_Yellow_1F95_FC6D","","32","0","0","1","0",""
"Xi_AlphaZone3_Maze3_final","","33","0","0","1","0",""
"Seaside_Lounge_PS_JP_A2FF_FE56","","41","0","0","1","0",""
"Lagoon_Lounge_Apt_4B3B_35AC","","50","0","0","1","0",""
"Lagoon_Kaseki_PS_9F80_B2EA","","44","0","0","1","0",""
"Lakeside_Log_Cabin_B1F_6131","","0","0","0","1","0",""
"Musicality_Clubhouse_533C_81D3","","32","0","0","1","0",""
"Tuscan_Villa_Club_3168_ADE8","","34","0","0","1","0",""
"Hillside_House_Apt_8605_C148","","32","0","0","1","0",""
"Cloud_City_Apartment_87C7_62DE","","34","0","0","1","0",""
"SCEJ_Hudson_Bonkroom_9AA5_F8F","","31","0","0","1","0",""
"SCEJ_LocoRoco_Apt_01_186A_3B62","","43","0","0","1","0",""
"TL_CF_Garden02_6728_3528","","32","0","0","1","0",""
"TL_CF_Garden01_E64A_8357","","35","0","0","1","0",""
"GzSchl_Lounge_PS_JP_F34_543","","34","0","0","1","0",""
"Gzsdn_Lounge_PS_JP_44FB_5CC6","","34","0","0","1","0",""
"J_SCEJ_Toro_Personal_B176_4996","","32","0","0","1","0",""
"Peakvox_Apt_1_C520_74AA","","31","0","0","1","0",""
"SCEJ_LocoRoco_Apt01_33CE_CB32","","41","0","0","1","0",""
"2013Apl_Ship1_SCEE_7FB7_CB49","","32","0","0","1","0",""
"2013Apl_Ship3_SCEA_ABA8_4FFA","","36","0","0","1","0",""
"2013Apl_Ship3_SCEE_BEA7_666","","32","0","0","1","0",""
"Asia_CAPCOM_J_RE5_ABC3_5A51","","32","0","0","1","0",""
"Asia_CAPCOM_SF4_8A9C_F5BB","","32","0","0","1","0",""
"AudiTechDrive_Track2_74_45E2","","34","0","0","1","0",""
"AudiTechDrive_Track3_4C75_4FDE","","34","0","0","1","0",""
"Bramble_Nook_Lobby_407E_130F","","35","0","0","1","0",""
"CapcomLoungeDownload_AFE1_52AB","","36","0","0","1","0",""
"Capcom_Event_Autumn_D687_77C2","","32","0","0","1","0",""
"Capcom_Event_Spring_387B_7A3B","","32","0","0","1","0",""
"Capcom_L_AirShip_C26E_A149","","34","0","0","1","0",""
"capcom_l_infomation_2f13_cbc","","34","0","0","1","0",""
"Capcom_L_Shop_54C0_7E0D","","36","0","0","1","0",""
"Capcom_L_Syugou00_EC0B_F453","","33","0","0","1","0",""
"Capcom_L_Syugou03_7AED_D56","","34","0","0","1","0",""
"Capcom_L_Theater_48F6_6046","","36","0","0","1","0",""
"Casino_Winners_Event_A716_3877","","32","0","0","1","0",""
"Cathedral_OpenHouse_E7AD_53ED","","35","0","0","1","0",""
"Conspiracy_Raid_3696_516B","","37","0","0","1","0",""
"Creek_Falls_BFA0_8F69","","37","0","0","1","0",""
"Desert_Haven_49CF_593B","","39","0","0","1","0",""
"Emo_Ray_Garage_3F5D_3241","","38","0","0","1","0",""
"EvilAcademy_0000_0000","","46","0","0","1","0",""
"EvilAcademy_Asia_31A1_DE38","","49","0","0","1","0",""
"Figment_Dream_Public_A286_13FA","","35","0","0","1","0",""
"Florida_Lobby_7DCC_56FD","","32","0","0","1","0",""
"French_Chateau_CFF0_5462","","35","0","0","1","0",""
"Gothic_Manor_320E_4A85","","39","0","0","1","0",""
"Hangakai_Apt_7222_9497","","40","0","0","1","0",""
"Hankagai_US_F68C_61D5","","36","0","0","1","0",""
"Hillside_House_Lobby_ACDF_4BDC","","33","0","0","1","0",""
"HomeTheater2_F232_F69E","","32","0","0","1","0",""
"Hufflepuff_Common_Rm_5969_7C52","","36","0","0","1","0",""
"IndiePark_Asia_C474_449E","","56","0","0","1","0",""
"Island_BungalowLobby_AFAD_B28C","","33","0","0","1","0",""
"jcinema_auditorium_2","","37","0","0","1","0",""
"Jwill_FishingLounge2_F48A_E625","","37","0","0","1","0",""
"J_CAPCOM_J_RE5_0000_C008_C14A","","3","0","0","1","0",""
"J_CAPCOM_SF4_50E0_DAC8","","31","0","0","1","0",""
"J_FS_3DDGH_1_181D_4365","","31","0","0","1","0",""
"J_FS_3DDGH_2_1EA9_90D8","","32","0","0","1","0",""
"J_HUDSON_Elemon_484C_DCA8","","31","0","0","1","0",""
"J_QGames_TGS_Apt2_DF02_BF3B","","50","0","0","1","0",""
"J_SCEJ_Toro_Lounge_0_47BF_CF6D","","35","0","0","1","0",""
"J_will_Theater_EF0E_353E","","33","0","0","1","0",""
"Luxury_Tent_Lobby_3C0D_1984","","34","0","0","1","0",""
"LV_Clubhouse_Open_1079_A1E2","","33","0","0","1","0",""
"mingol_1_jp","","1","0","0","1","0",""
"Modern_Asian_Lobby_E08E_545F","","36","0","0","1","0",""
"Modern_Ranch_OpenEH_780B_482B","","34","0","0","1","0",""
"Mountain_Getaway_4976_8535","","37","0","0","1","0",""
"Mount_Olympus_7F11_8392","","35","0","0","1","0",""
"Nebula_Airship_E25C_10AD","","34","0","0","1","0",""
"NMCommCarrot1_4A80_F95C","","2","0","0","1","0",""
"Nobunaga_no_Yabou_1_2974_7875","","33","0","0","1","0",""
"NoMansLand_Movie_F410_BAD9","","42","0","0","1","0",""
"PixelJunkMothership_400D_64E9","","33","0","0","1","0",""
"SCEAsia_Action_Dest_3485_AC3C","","53","0","0","1","0",""
"SCEAsia_Adventu_Dest_D25A_57FC","","43","0","0","1","0",""
"SCEAsia_Auditorium_3_A86D_12D7","","37","0","0","1","0",""
"SCEAsia_Auditorium_7_8445_16F7","","38","0","0","1","0",""
"SCEAsia_Auditorium_8_E42C_BA62","","38","0","0","1","0",""
"SCEAsia_BZB_330B_6806","","33","0","0","1","0",""
"SCEAsia_Event_Space_C946_E548","","36","0","0","1","0",""
"SCEAsia_PierParkDest_42E8_C97C","","58","0","0","1","0",""
"SCEASIA_PJExhibition_D775_1F14","","31","0","0","1","0",""
"SCEASIA_PJMothership_F95B_57A7","","32","0","0","1","0",""
"SCEAsia_PSN_MID_HK_C3BE_DC10","","32","0","0","1","0",""
"SCEAsia_Sports_Dest_74C0_3160","","45","0","0","1","0",""
"SCEAsia_ToroLounge01_46F1_BDF1","","31","0","0","1","0",""
"SCEA_Hub_EC48_687E","","46","0","0","1","0",""
"SCEA_Luxury_YachtApt_211_B50D","","32","0","0","1","0",""
"SCEA_Marketplace2_C0E7_F3D7","","35","0","0","1","0",""
"SCEA_Owners_Box_Apt_3B74_DFBA","","31","0","0","1","0",""
"SCEA_Post_Apocalypse_F7F2_F6FA","","32","0","0","1","0",""
"SCEA_Theater_Aud3_2C75_DAA2","","35","0","0","1","0",""
"SCEE_Auditorium_2_8D9_C112","","35","0","0","1","0",""
"SCEE_Auditorium_3_F580_8332","","36","0","0","1","0",""
"SCEE_Auditorium_4_1679_F3D6","","35","0","0","1","0",""
"SCEE_Auditorium_7_2B2A_8373","","35","0","0","1","0",""
"SCEE_Auditorium_8_D3F9_8E0D","","35","0","0","1","0",""
"SCEE_HOH_minis_top2_3790_8AF2","","35","0","0","1","0",""
"SCEJ_AC2_Lab_8DB_188E","","33","0","0","1","0",""
"SCEJ_HUDSON_Hudson_8552_C7E9","","35","0","0","1","0",""
"SCEJ_Hudson_Theatre_59CE_9F5E","","32","0","0","1","0",""
"SCEJ_Japan_Residence_C4DD_E709","","31","0","0","1","0",""
"SCEJ_KOEI_Musou_21E9_35E9","","32","0","0","1","0",""
"SCEJ_LocoRoco_Pub01_8D96_528A","","36","0","0","1","0",""
"SCEJ_LocoRoco_Pub04_989F_7C25","","31","0","0","1","0",""
"SCEJ_Tekken6_FB11_91A9","","33","0","0","1","0",""
"Shoei_Kingdom_1496_D396","","31","0","0","1","0",""
"Shouei_Kingdom_6_15EC_51A6","","38","0","0","1","0",""
"Shouei_Kingdom_7_3B00_A026","","37","0","0","1","0",""
"Shouei_Kingdom_8_609A_8F3B","","37","0","0","1","0",""
"Siren2_A_DB35_3E5F","","0","0","0","1","0",""
"SIREN_1_Asia_E933_3D83","","1","0","0","1","0",""
"SIREN_1_jp","","2","0","0","1","0",""
"Ski_Chalet_Apt_Pub_F697_614E","","35","0","0","1","0",""
"Slytherin_Common_Rm_8080_236C","","36","0","0","1","0",""
"SOCOMTOC_0000_0000","","1","0","0","1","0",""
"SOCOM_TOC_JAP_182B_5647","","33","0","0","1","0",""
"SportsDay_Longjump_16FE_67C0","","34","0","0","1","0",""
"Tekken6Asia_space1_AC31_CABD","","34","0","0","1","0",""
"TL_CF_Farm00_AF2D_9FD7","","41","0","0","1","0",""
"TL_CF_Garden00_DA7C_63F9","","37","0","0","1","0",""
"Tuscan_Villa_Lobby_266E_2581","","32","0","0","1","0",""
"Tycoon_Penthouse_Pub_DCE9_52D6","","36","0","0","1","0",""
"Uncharted_TheArtifactRoom","","40","0","0","1","0",""
"Uncharted_Waters_1_974F_CC6E","","33","0","0","1","0",""
"UraEdo_Lounge2_82AC_450A","","49","0","0","1","0",""
"Ura_Edo_Lounge_A578_C7B9","","51","0","0","1","0",""
"Will_Fishing_Lounge_F288_BB7E","","34","0","0","1","0",""
"Xi_PostAlphaZone1_Bi_12A9_4C37","","33","0","0","1","0",""
"Siren_1_A_49BC_2AE3","","0","0","0","1","0",""
"NBGI_nmcomm_ct1Asia_521C_5994","","0","0","0","1","0",""
"mingol_1_asia_E5B0_E45D","","0","0","0","1","0",""
"AcornPark_Open_House_4E99_12C1","","-1","0","0","0","0",""
"Arabian_Castle_Open_7516_56CA","","-1","0","0","0","0",""
"Asia_RedBull_Airrace_99A8_1C08","","-1","0","0","0","0",""
"Asia_Redbull_Flugtag_F518_79C5","","-1","0","0","0","0",""
"Asia_RedBull_Illume_AE48_D817","","-1","0","0","0","0",""
"A_CAPCOM_J_RE5_2_C4E6_F445","","-1","0","0","0","0",""
"A_CAPCOM_J_RE5_E0E3_BA27","","-1","0","0","0","0",""
"A_CAPCOM_SF4_906E_DF9E","","-1","0","0","0","0",""
"Buzz_Game_Space_UK_CA5A_267E","","-1","0","0","0","0",""
"Buzz_Game_Space_US_B035_5E8C","","-1","0","0","0","0",""
"Buzz_Lobby_1655_6402","","-1","0","0","0","0",""
"Conspiracy_Main_EA4D_45D4","","-1","0","0","0","0",""
"Dead_Island_Promo_7E97_B97D","","-1","0","0","0","0",""
"Dead_Island_TGI_449B_3A25","","-1","0","0","0","0",""
"Diesel_Apartment_9953_2D5B","","-1","0","0","0","0",""
"Diesel_Museum_9E_CE44","","-1","0","0","0","0",""
"DokisuiLounge_F565_458","","-1","0","0","0","0",""
"Dust415BackstagePass_A4AC_F8","","-1","0","0","0","0",""
"E3Space2010","","-1","0","0","0","0",""
"EASportsLobbyUpstair_54A2_6BBF","","-1","0","0","0","0",""
"EASportsLobby_0000_0000","","-1","0","0","0","0",""
"EA_SportsComplex_FR_4DB0_F882","","-1","0","0","0","0",""
"EA_SportsCpx_GB_Up_762F_97AD","","-1","0","0","0","0",""
"Fat_Princess_Space_3B3F_5F87","","-1","0","0","0","0",""
"Fight_Night_Round_4_6F0E_9EC7","","-1","0","0","0","0",""
"Ford_Space_5FE8_FC30","","-1","0","0","0","0",""
"Gamescom_84E3_6E5B","","-1","0","0","0","0",""
"Gamescom_Event_Space_4C0F_BDA2","","-1","0","0","0","0",""
"Gravity_Crash_Remix_1A43_FF56","","-1","0","0","0","0",""
"Halloween_Archive_93EA_A96B","","-1","0","0","0","0",""
"Hankagai_EU_3F69_D865","","-1","0","0","0","0",""
"HKings_EventLanding_83EA_A579","","-1","0","0","0","0",""
"HKings_Gamespace_ACCB_8BC8","","-1","0","0","0","0",""
"Hustle_Kings_Space_A769_E211","","-1","0","0","0","0",""
"inFamous_Space_8C52_ADC9","","-1","0","0","0","0",""
"IremLounge_Asia_4802_640","","-1","0","0","0","0",""
"IREM_ISLAND_47A_94E5","","-1","0","0","0","0",""
"IREM_Island_Asia_3EAE_3A3A","","-1","0","0","0","0",""
"IREM_Lounge_2_6BFE_2C5D","","-1","0","0","0","0",""
"IREM_SCEAsia_CastleW_7F83_C5D2","","-1","0","0","0","0",""
"IREM_SpelunkerLounge_9C8B_C5B9","","-1","0","0","0","0",""
"jcinema_auditorium_Asia_2","","-1","0","0","0","0",""
"jcinema_audit_Asia_3_742F_5C6B","","-1","0","0","0","0",""
"J_IREM_RTYPE_LOUNGE_5963_6F4D","","-1","0","0","0","0",""
"J_RedBull_Airrace_4294_CA8B","","-1","0","0","0","0",""
"J_Redbull_Flugtag_4756_E44C","","-1","0","0","0","0",""
"J_RedBull_Illume_65E8_C955","","-1","0","0","0","0",""
"Kasabian_Backstage_9019_93E8","","-1","0","0","0","0",""
"Killzone3_TGI_5BE2_DF1A","","-1","0","0","0","0",""
"KZ3_Promo_7960_5553","","-1","0","0","0","0",""
"Macross_Public_Space_7395_6732","","-1","0","0","0","0",""
"Mercia_E3_2012_8C99_815F","","-1","0","0","0","0",""
"mingol_1_a_3F5C_F327","","-1","0","0","0","0",""
"Motorstorm2009","","-1","0","0","0","0",""
"Music_Unlim_Hedkandi_D1F9_1487","","-1","0","0","0","0",""
"OPFOR_Space_7705_75F1","","-1","0","0","0","0",""
"Outso_Sodium2_Desert_7675_2259","","-1","0","0","0","0",""
"OverlordCastle_0000_0000","","-1","0","0","0","0",""
"PlayStation_Network_4F38_F0B7","","-1","0","0","0","0",""
"PlayStation_Plus_5ABC_6EAA","","-1","0","0","0","0",""
"PSN_Dead_Nation_D598_E497","","-1","0","0","0","0",""
"redbullairrace","","-1","0","0","0","0",""
"RedbullHub_illume_8B26_E7D1","","-1","0","0","0","0",""
"Redbull_Flugtag_F33D_A3DE","","-1","0","0","0","0",""
"SCEAsia_Pachipara_E74D_701F","","-1","0","0","0","0",""
"SCEAsia_Proto7_AD2_48C8","","-1","0","0","0","0",""
"SCEAsia_R_TYPE_C41E_C326","","-1","0","0","0","0",""
"SCEA_Alien_Casino_2F50_ABC","","-1","0","0","0","0",""
"SCEA_E3Theater_2013_ED0D_EF87","","-1","0","0","0","0",""
"SCEA_E3_2011_4E35_F521","","-1","0","0","0","0",""
"SCEA_E3_2012_8015_53E0","","-1","0","0","0","0",""
"SCEA_E3_2013_3616_28E0","","-1","0","0","0","0",""
"SCEA_HomeCafe_7898_7B5","","-1","0","0","0","0",""
"SCEA_Irem_Island_46A2_E494","","-1","0","0","0","0",""
"SCEA_IREM_Square_3B1B_28C3","","-1","0","0","0","0",""
"SCEA_PSN_E3_Theater_4671_9088","","-1","0","0","0","0",""
"SCEA_RedBull_AirRace_3D04_DF49","","-1","0","0","0","0",""
"SCEA_Spelunker_B2D1_2F49","","-1","0","0","0","0",""
"SCEA_Tekken6_B660_CAC2","","-1","0","0","0","0",""
"SCEA_Theater_Aud10_8E1F_810A","","-1","0","0","0","0",""
"SCEA_Theater_Aud7_B6EA_13D6","","-1","0","0","0","0",""
"SCEA_Theater_Aud8_BBD0_FF2","","-1","0","0","0","0",""
"SCEA_Winter_2011_20AA_DED7","","-1","0","0","0","0",""
"SCEA_Winter_2012_96_FFF2","","-1","0","0","0","0",""
"SCEE_HeavyRainEvent_6ADD_CF42","","-1","0","0","0","0",""
"SCEE_IREM_Island_DE30_5834","","-1","0","0","0","0",""
"SCEE_VidZone_Space_DA89_F9F1","","-1","0","0","0","0",""
"SCEE_WKC_Event_E5A9_E10B","","-1","0","0","0","0",""
"SCEJ_Castle_Wall_BBFA_C0CC","","-1","0","0","0","0",""
"SCEJ_Fifa_Arena_4D31_2914","","-1","0","0","0","0",""
"SCEJ_FIFA_STADIUM_5460_B18C","","-1","0","0","0","0",""
"SCEJ_Labyrinth_4777_C65B","","-1","0","0","0","0",""
"SCEJ_LiarGame_E7F6_5A20","","-1","0","0","0","0",""
"SCE_AsiaEventScene28_76FF_83CD","","-1","0","0","0","0",""
"SCE_Cafe","","-1","0","0","0","0",""
"SCE_Marketplace","","-1","0","0","0","0",""
"Sengoku_Lounge_5182_1743","","-1","0","0","0","0",""
"Seven_Winds_Promo_7141_4756","","-1","0","0","0","0",""
"SkunkWorks_Past_B99C_B08F","","-1","0","0","0","0",""
"Sony_Aquarium_F221_8BC4","","-1","0","0","0","0",""
"SpelunkerLounge_ASIA_BAA2_B5B8","","-1","0","0","0","0",""
"SpelunkerLounge_B01F_99B6_274A","","-1","0","0","0","0",""
"Spelunker_B01F_ASIA_BBC7_9493","","-1","0","0","0","0",""
"TGS_2011_Scene_7042_C1CF","","-1","0","0","0","0",""
"The_Studio_7EA8_A1A3","","-1","0","0","0","0",""
"The_Venue_5F92_F318","","-1","0","0","0","0",""
"UFC_Octagon_BAC8_4C1A","","-1","0","0","0","0",""
"Uncharted2_Space_952F_A6C5","","-1","0","0","0","0",""
"US_Namco_Arcade_1701_C9E1","","-1","0","0","0","0",""
"US_Namco_Theatre_78CB_74AE","","-1","0","0","0","0",""
"Warhawk","","-1","0","0","0","0",""
"WinterWonderland2010_C317_10F7","","-1","0","0","0","0",""
"WKC2_Space_EEE7_3935","","-1","0","0","0","0",""
"FC2_Trainstation","","-1","0","0","0","0",""
"FC2_reubensroom","","-1","0","0","0","0",""
